,id,sex,weight,height,BMI
0,1,M,190,77,9.12987012987013
1,2,F,120,70,10.042857142857143
2,3,F,110,68,10.338235294117647
3,4,M,150,72,9.76388888888889
4,5,O,120,66,10.651515151515152
5,6,M,120,60,11.716666666666667
6,7,F,140,70,10.042857142857143
